W;L;W/L%;GB;PS/G;PA/G;SRS;Year;Team
56;26;0.683;—;111.5;105.7;5.22;1991;Boston Celtics*
44;38;0.537;12;105.4;105.6;-0.39;1991;Philadelphia 76ers*
39;43;0.476;17;103.1;103.3;-0.43;1991;New York Knicks*
30;52;0.366;26;101.4;106.4;-4.84;1991;Washington Bullets
26;56;0.317;30;102.9;107.5;-4.53;1991;New Jersey Nets
24;58;0.293;32;101.8;107.8;-5.91;1991;Miami Heat
Central Division;Central Division;Central Division;Central Division;Central Division;Central Division;Central Division;1991;Central Division
61;21;0.744;—;110;101;8.57;1991;Chicago Bulls*
50;32;0.61;11;100.1;96.8;3.08;1991;Detroit Pistons*
48;34;0.585;13;106.4;104;2.33;1991;Milwaukee Bucks*
43;39;0.524;18;109.8;109;0.72;1991;Atlanta Hawks*
41;41;0.5;20;111.7;112.1;-0.37;1991;Indiana Pacers*
33;49;0.402;28;101.7;104.2;-2.33;1991;Cleveland Cavaliers
26;56;0.317;35;102.8;108;-4.95;1991;Charlotte Hornets
Midwest Division;Midwest Division;Midwest Division;Midwest Division;Midwest Division;Midwest Division;Midwest Division;1991;Midwest Division
55;27;0.671;—;107.1;102.6;4.3;1991;San Antonio Spurs*
54;28;0.659;1;104;100.7;3.18;1991;Utah Jazz*
52;30;0.634;3;106.7;103.2;3.27;1991;Houston Rockets*
31;51;0.378;24;105.9;109.9;-3.79;1991;Orlando Magic
29;53;0.354;26;99.6;103.5;-3.75;1991;Minnesota Timberwolves
28;54;0.341;27;99.9;104.5;-4.27;1991;Dallas Mavericks
20;62;0.244;35;119.9;130.8;-10.31;1991;Denver Nuggets
Pacific Division;Pacific Division;Pacific Division;Pacific Division;Pacific Division;Pacific Division;Pacific Division;1991;Pacific Division
63;19;0.768;—;114.7;106;8.47;1991;Portland Trail Blazers*
58;24;0.707;5;106.3;99.6;6.73;1991;Los Angeles Lakers*
55;27;0.671;8;114;107.5;6.49;1991;Phoenix Suns*
44;38;0.537;19;116.6;115;1.72;1991;Golden State Warriors*
41;41;0.5;22;106.6;105.4;1.31;1991;Seattle SuperSonics*
31;51;0.378;32;103.5;107;-3.16;1991;Los Angeles Clippers
25;57;0.305;38;96.7;103.5;-6.27;1991;Sacramento Kings
51;31;0.622;—;106.6;103;3.41;1992;Boston Celtics*
51;31;0.622;—;101.6;97.7;3.67;1992;New York Knicks*
40;42;0.488;11;105.4;107.1;-1.54;1992;New Jersey Nets*
38;44;0.463;13;105;109.2;-3.94;1992;Miami Heat*
35;47;0.427;16;101.9;103.2;-1.34;1992;Philadelphia 76ers
25;57;0.305;26;102.4;106.8;-4.35;1992;Washington Bullets
21;61;0.256;30;101.6;108.5;-6.52;1992;Orlando Magic
Central Division;Central Division;Central Division;Central Division;Central Division;Central Division;Central Division;1992;Central Division
67;15;0.817;—;109.9;99.5;10.07;1992;Chicago Bulls*
57;25;0.695;10;108.9;103.4;5.34;1992;Cleveland Cavaliers*
48;34;0.585;19;98.9;96.9;2.06;1992;Detroit Pistons*
40;42;0.488;27;112.2;110.3;1.85;1992;Indiana Pacers*
38;44;0.463;29;106.2;107.7;-1.15;1992;Atlanta Hawks
31;51;0.378;36;105;106.7;-1.46;1992;Milwaukee Bucks
31;51;0.378;36;109.5;113.4;-3.57;1992;Charlotte Hornets
Midwest Division;Midwest Division;Midwest Division;Midwest Division;Midwest Division;Midwest Division;Midwest Division;1992;Midwest Division
55;27;0.671;—;108.3;101.9;5.7;1992;Utah Jazz*
47;35;0.573;8;104;100.6;2.81;1992;San Antonio Spurs*
42;40;0.512;13;102;103.7;-1.94;1992;Houston Rockets
24;58;0.293;31;99.7;107.6;-7.59;1992;Denver Nuggets
22;60;0.268;33;97.6;105.3;-7.47;1992;Dallas Mavericks
15;67;0.183;40;100.5;107.5;-6.85;1992;Minnesota Timberwolves
Pacific Division;Pacific Division;Pacific Division;Pacific Division;Pacific Division;Pacific Division;Pacific Division;1992;Pacific Division
57;25;0.695;—;111.4;104.1;6.94;1992;Portland Trail Blazers*
55;27;0.671;2;118.7;114.8;3.77;1992;Golden State Warriors*
53;29;0.646;4;112.1;106.2;5.68;1992;Phoenix Suns*
47;35;0.573;10;106.5;104.7;1.86;1992;Seattle SuperSonics*
45;37;0.549;12;102.9;101.9;1.1;1992;Los Angeles Clippers*
43;39;0.524;14;100.4;101.5;-0.95;1992;Los Angeles Lakers*
29;53;0.354;28;104.3;110.3;-5.63;1992;Sacramento Kings
60;22;0.732;—;101.6;95.4;5.87;1993;New York Knicks*
48;34;0.585;12;103.7;102.8;0.93;1993;Boston Celtics*
43;39;0.524;17;102.8;101.6;1.2;1993;New Jersey Nets*
41;41;0.5;19;105.5;104.2;1.35;1993;Orlando Magic
36;46;0.439;24;103.6;104.7;-0.93;1993;Miami Heat
26;56;0.317;34;104.3;110.1;-5.25;1993;Philadelphia 76ers
22;60;0.268;38;101.9;108.9;-6.49;1993;Washington Bullets
Central Division;Central Division;Central Division;Central Division;Central Division;Central Division;Central Division;1993;Central Division
57;25;0.695;—;105.2;98.9;6.19;1993;Chicago Bulls*
54;28;0.659;3;107.7;101.3;6.3;1993;Cleveland Cavaliers*
44;38;0.537;13;110.1;110.4;-0.02;1993;Charlotte Hornets*
43;39;0.524;14;107.5;108.4;-0.67;1993;Atlanta Hawks*
41;41;0.5;16;107.8;106.1;1.77;1993;Indiana Pacers*
40;42;0.488;17;100.6;102;-1.1;1993;Detroit Pistons
28;54;0.341;29;102.3;106.1;-3.26;1993;Milwaukee Bucks
Midwest Division;Midwest Division;Midwest Division;Midwest Division;Midwest Division;Midwest Division;Midwest Division;1993;Midwest Division
55;27;0.671;—;104;99.8;3.57;1993;Houston Rockets*
49;33;0.598;6;105.5;102.8;2.21;1993;San Antonio Spurs*
47;35;0.573;8;106.2;104;1.74;1993;Utah Jazz*
36;46;0.439;19;105.2;106.9;-2.14;1993;Denver Nuggets
19;63;0.232;36;98.1;105.9;-7.62;1993;Minnesota Timberwolves
11;71;0.134;44;99.3;114.5;-14.68;1993;Dallas Mavericks
Pacific Division;Pacific Division;Pacific Division;Pacific Division;Pacific Division;Pacific Division;Pacific Division;1993;Pacific Division
62;20;0.756;—;113.4;106.7;6.27;1993;Phoenix Suns*
55;27;0.671;7;108.3;101.3;6.66;1993;Seattle SuperSonics*
51;31;0.622;11;108.5;105.4;2.92;1993;Portland Trail Blazers*
41;41;0.5;21;107.1;106.8;0.33;1993;Los Angeles Clippers*
39;43;0.476;23;104.2;105.5;-1.2;1993;Los Angeles Lakers*
34;48;0.415;28;109.9;110.9;-0.94;1993;Golden State Warriors
25;57;0.305;37;107.9;111.1;-3;1993;Sacramento Kings
57;25;0.695;—;98.5;91.5;6.48;1994;New York Knicks*
50;32;0.61;7;105.7;101.8;3.68;1994;Orlando Magic*
45;37;0.549;12;103.2;101;2.11;1994;New Jersey Nets*
42;40;0.512;15;103.4;100.7;2.4;1994;Miami Heat*
32;50;0.39;25;100.8;105.1;-4.28;1994;Boston Celtics
25;57;0.305;32;98;105.6;-7.37;1994;Philadelphia 76ers
24;58;0.293;33;100.4;107.7;-7.13;1994;Washington Bullets
Central Division;Central Division;Central Division;Central Division;Central Division;Central Division;Central Division;1994;Central Division
57;25;0.695;—;101.4;96.2;4.94;1994;Atlanta Hawks*
55;27;0.671;2;98;94.9;2.87;1994;Chicago Bulls*
47;35;0.573;10;101;97.5;3.26;1994;Indiana Pacers*
47;35;0.573;10;101.2;97.1;3.64;1994;Cleveland Cavaliers*
41;41;0.5;16;106.5;106.7;-0.23;1994;Charlotte Hornets
20;62;0.244;37;96.9;103.4;-6.24;1994;Milwaukee Bucks
20;62;0.244;37;96.9;104.7;-7.46;1994;Detroit Pistons
Midwest Division;Midwest Division;Midwest Division;Midwest Division;Midwest Division;Midwest Division;Midwest Division;1994;Midwest Division
58;24;0.707;—;101.1;96.8;4.19;1994;Houston Rockets*
55;27;0.671;3;100;94.8;5.05;1994;San Antonio Spurs*
53;29;0.646;5;101.9;97.7;4.1;1994;Utah Jazz*
42;40;0.512;16;100.3;98.8;1.54;1994;Denver Nuggets*
20;62;0.244;38;96.7;103.6;-6.55;1994;Minnesota Timberwolves
13;69;0.159;45;95.1;103.8;-8.19;1994;Dallas Mavericks
Pacific Division;Pacific Division;Pacific Division;Pacific Division;Pacific Division;Pacific Division;Pacific Division;1994;Pacific Division
63;19;0.768;—;105.9;96.9;8.68;1994;Seattle SuperSonics*
56;26;0.683;7;108.2;103.4;4.68;1994;Phoenix Suns*
50;32;0.61;13;107.9;106.1;1.76;1994;Golden State Warriors*
47;35;0.573;16;107.3;104.6;2.6;1994;Portland Trail Blazers*
33;49;0.402;30;100.4;104.7;-3.93;1994;Los Angeles Lakers
28;54;0.341;35;101.1;106.9;-5.32;1994;Sacramento Kings
27;55;0.329;36;103;108.7;-5.28;1994;Los Angeles Clippers
57;25;0.695;—;110.9;103.8;6.44;1995;Orlando Magic*
55;27;0.671;2;98.2;95.1;2.78;1995;New York Knicks*
35;47;0.427;22;102.8;104.7;-1.92;1995;Boston Celtics*
32;50;0.39;25;101.1;102.8;-1.85;1995;Miami Heat
30;52;0.366;27;98.1;101.2;-3.28;1995;New Jersey Nets
24;58;0.293;33;95.4;100.4;-5.06;1995;Philadelphia 76ers
21;61;0.256;36;100.5;106.1;-5.56;1995;Washington Bullets
Central Division;Central Division;Central Division;Central Division;Central Division;Central Division;Central Division;1995;Central Division
52;30;0.634;—;99.2;95.5;3.35;1995;Indiana Pacers*
50;32;0.61;2;100.6;97.3;2.87;1995;Charlotte Hornets*
47;35;0.573;5;101.5;96.7;4.32;1995;Chicago Bulls*
43;39;0.524;9;90.5;89.8;0.55;1995;Cleveland Cavaliers*
42;40;0.512;10;96.6;95.3;1.06;1995;Atlanta Hawks*
34;48;0.415;18;99.3;103.7;-4.3;1995;Milwaukee Bucks
28;54;0.341;24;98.2;105.5;-7.08;1995;Detroit Pistons
Midwest Division;Midwest Division;Midwest Division;Midwest Division;Midwest Division;Midwest Division;Midwest Division;1995;Midwest Division
62;20;0.756;—;106.6;100.6;5.9;1995;San Antonio Spurs*
60;22;0.732;2;106.4;98.4;7.76;1995;Utah Jazz*
47;35;0.573;15;103.5;101.4;2.32;1995;Houston Rockets*
41;41;0.5;21;101.3;100.5;0.96;1995;Denver Nuggets*
36;46;0.439;26;103.2;106.1;-2.39;1995;Dallas Mavericks
21;61;0.256;41;94.2;103.2;-8.22;1995;Minnesota Timberwolves
Pacific Division;Pacific Division;Pacific Division;Pacific Division;Pacific Division;Pacific Division;Pacific Division;1995;Pacific Division
59;23;0.72;—;110.6;106.8;3.86;1995;Phoenix Suns*
57;25;0.695;2;110.4;102.2;7.91;1995;Seattle SuperSonics*
48;34;0.585;11;105.1;105.3;-0.01;1995;Los Angeles Lakers*
44;38;0.537;15;103.1;99.2;3.8;1995;Portland Trail Blazers*
39;43;0.476;20;98.2;99.2;-0.74;1995;Sacramento Kings
26;56;0.317;33;105.7;111.1;-4.9;1995;Golden State Warriors
17;65;0.207;42;96.7;105.8;-8.43;1995;Los Angeles Clippers
60;22;0.732;—;104.5;99;5.4;1996;Orlando Magic*
47;35;0.573;13;97.2;94.9;2.24;1996;New York Knicks*
42;40;0.512;18;96.5;95;1.46;1996;Miami Heat*
39;43;0.476;21;102.5;101.5;0.99;1996;Washington Bullets
33;49;0.402;27;103.6;107;-3.37;1996;Boston Celtics
30;52;0.366;30;93.7;97.9;-4.14;1996;New Jersey Nets
18;64;0.22;42;94.5;104.5;-9.45;1996;Philadelphia 76ers
Central Division;Central Division;Central Division;Central Division;Central Division;Central Division;Central Division;1996;Central Division
72;10;0.878;—;105.2;92.9;11.8;1996;Chicago Bulls*
52;30;0.634;20;99.3;96.1;3.11;1996;Indiana Pacers*
47;35;0.573;25;91.1;88.5;2.49;1996;Cleveland Cavaliers*
46;36;0.561;26;98.3;97.1;1.29;1996;Atlanta Hawks*
46;36;0.561;26;95.4;92.9;2.45;1996;Detroit Pistons*
41;41;0.5;31;102.8;103.4;-0.48;1996;Charlotte Hornets
25;57;0.305;47;95.6;100.9;-4.92;1996;Milwaukee Bucks
21;61;0.256;51;97.5;105;-7.2;1996;Toronto Raptors
Midwest Division;Midwest Division;Midwest Division;Midwest Division;Midwest Division;Midwest Division;Midwest Division;1996;Midwest Division
59;23;0.72;—;103.4;97.1;5.98;1996;San Antonio Spurs*
55;27;0.671;4;102.5;95.9;6.25;1996;Utah Jazz*
48;34;0.585;11;102.5;100.7;1.63;1996;Houston Rockets*
35;47;0.427;24;97.7;100.4;-2.62;1996;Denver Nuggets
26;56;0.317;33;97.9;103.2;-5.14;1996;Minnesota Timberwolves
26;56;0.317;33;102.5;107.5;-4.71;1996;Dallas Mavericks
15;67;0.183;44;89.8;99.8;-9.55;1996;Vancouver Grizzlies
Pacific Division;Pacific Division;Pacific Division;Pacific Division;Pacific Division;Pacific Division;Pacific Division;1996;Pacific Division
64;18;0.78;—;104.5;96.7;7.4;1996;Seattle SuperSonics*
53;29;0.646;11;102.9;98.5;4.21;1996;Los Angeles Lakers*
44;38;0.537;20;99.3;97;2.21;1996;Portland Trail Blazers*
41;41;0.5;23;104.3;104;0.28;1996;Phoenix Suns*
39;43;0.476;25;99.5;102.3;-2.62;1996;Sacramento Kings*
36;46;0.439;28;101.6;103.1;-1.42;1996;Golden State Warriors
29;53;0.354;35;99.4;103;-3.46;1996;Los Angeles Clippers
61;21;0.744;—;94.8;89.3;5.56;1997;Miami Heat*
57;25;0.695;4;95.4;92.2;3.31;1997;New York Knicks*
45;37;0.549;16;94.1;94.5;-0.07;1997;Orlando Magic*
44;38;0.537;17;99.4;97.7;1.77;1997;Washington Bullets*
26;56;0.317;35;97.2;101.8;-3.89;1997;New Jersey Nets
22;60;0.268;39;100.2;106.7;-5.89;1997;Philadelphia 76ers
15;67;0.183;46;100.6;107.9;-6.62;1997;Boston Celtics
Central Division;Central Division;Central Division;Central Division;Central Division;Central Division;Central Division;1997;Central Division
69;13;0.841;—;103.1;92.3;10.7;1997;Chicago Bulls*
56;26;0.683;13;94.8;89.4;5.52;1997;Atlanta Hawks*
54;28;0.659;15;94.2;88.9;5.45;1997;Detroit Pistons*
54;28;0.659;15;98.9;97;2.13;1997;Charlotte Hornets*
42;40;0.512;27;87.5;85.6;2.32;1997;Cleveland Cavaliers
39;43;0.476;30;95.4;94.4;1.49;1997;Indiana Pacers
33;49;0.402;36;95.3;97.2;-1.38;1997;Milwaukee Bucks
30;52;0.366;39;95.5;98.6;-2.56;1997;Toronto Raptors
Midwest Division;Midwest Division;Midwest Division;Midwest Division;Midwest Division;Midwest Division;Midwest Division;1997;Midwest Division
64;18;0.78;—;103.1;94.3;7.97;1997;Utah Jazz*
57;25;0.695;7;100.6;96.1;3.85;1997;Houston Rockets*
40;42;0.488;24;96.1;97.6;-1.82;1997;Minnesota Timberwolves*
24;58;0.293;40;90.6;97;-6.47;1997;Dallas Mavericks
21;61;0.256;43;97.8;104.1;-6.4;1997;Denver Nuggets
20;62;0.244;44;90.5;98.3;-7.93;1997;San Antonio Spurs
14;68;0.171;50;89.2;99.4;-10.17;1997;Vancouver Grizzlies
Pacific Division;Pacific Division;Pacific Division;Pacific Division;Pacific Division;Pacific Division;Pacific Division;1997;Pacific Division
57;25;0.695;—;100.9;93.2;6.91;1997;Seattle SuperSonics*
56;26;0.683;1;100;95.7;3.66;1997;Los Angeles Lakers*
49;33;0.598;8;99;94.8;3.56;1997;Portland Trail Blazers*
40;42;0.488;17;102.8;102.2;0.21;1997;Phoenix Suns*
36;46;0.439;21;97.2;99.5;-2.66;1997;Los Angeles Clippers*
34;48;0.415;23;96.4;99.8;-3.64;1997;Sacramento Kings
30;52;0.366;27;99.6;104.4;-4.9;1997;Golden State Warriors
55;27;0.671;—;95;90;5.09;1998;Miami Heat*
43;39;0.524;12;91.6;89.1;2.74;1998;New York Knicks*
43;39;0.524;12;99.6;98.1;1.88;1998;New Jersey Nets*
42;40;0.512;13;97.2;96.6;1.11;1998;Washington Wizards
41;41;0.5;14;90.1;91.2;-0.53;1998;Orlando Magic
36;46;0.439;19;95.9;98.5;-1.96;1998;Boston Celtics
31;51;0.378;24;93.3;95.7;-1.89;1998;Philadelphia 76ers
Central Division;Central Division;Central Division;Central Division;Central Division;Central Division;Central Division;1998;Central Division
62;20;0.756;—;96.7;89.6;7.24;1998;Chicago Bulls*
58;24;0.707;4;96;89.9;6.25;1998;Indiana Pacers*
51;31;0.622;11;96.6;94.6;2.45;1998;Charlotte Hornets*
50;32;0.61;12;95.9;92.3;3.85;1998;Atlanta Hawks*
47;35;0.573;15;92.5;89.8;3.06;1998;Cleveland Cavaliers*
37;45;0.451;25;94.2;92.6;1.95;1998;Detroit Pistons
36;46;0.439;26;94.5;96.4;-1.33;1998;Milwaukee Bucks
16;66;0.195;46;94.9;104.2;-8.33;1998;Toronto Raptors
Midwest Division;Midwest Division;Midwest Division;Midwest Division;Midwest Division;Midwest Division;Midwest Division;1998;Midwest Division
62;20;0.756;—;101;94.4;5.73;1998;Utah Jazz*
56;26;0.683;6;92.5;88.5;3.3;1998;San Antonio Spurs*
45;37;0.549;17;101.1;100.4;0.17;1998;Minnesota Timberwolves*
41;41;0.5;21;98.8;99.5;-1.23;1998;Houston Rockets*
20;62;0.244;42;91.4;97.5;-6.33;1998;Dallas Mavericks
19;63;0.232;43;96.6;103.9;-7.47;1998;Vancouver Grizzlies
11;71;0.134;51;89;100.8;-11.74;1998;Denver Nuggets
Pacific Division;Pacific Division;Pacific Division;Pacific Division;Pacific Division;Pacific Division;Pacific Division;1998;Pacific Division
61;21;0.744;—;100.6;93.4;6.33;1998;Seattle SuperSonics*
61;21;0.744;—;105.5;97.8;6.88;1998;Los Angeles Lakers*
56;26;0.683;5;99.6;94.4;4.44;1998;Phoenix Suns*
46;36;0.561;15;94.3;92.9;0.83;1998;Portland Trail Blazers*
27;55;0.329;34;93.1;98.7;-5.83;1998;Sacramento Kings
19;63;0.232;42;88.3;97.4;-9.2;1998;Golden State Warriors
17;65;0.207;44;95.9;103.3;-7.53;1998;Los Angeles Clippers
33;17;0.66;—;89;84;5.11;1999;Miami Heat*
33;17;0.66;—;89.5;86.9;3.11;1999;Orlando Magic*
28;22;0.56;5;89.7;87.6;2.56;1999;Philadelphia 76ers*
27;23;0.54;6;86.4;85.4;1.45;1999;New York Knicks*
19;31;0.38;14;93;94.9;-1.75;1999;Boston Celtics
18;32;0.36;15;91.2;93.4;-1.75;1999;Washington Wizards
16;34;0.32;17;91.4;95.2;-3.2;1999;New Jersey Nets
Central Division;Central Division;Central Division;Central Division;Central Division;Central Division;Central Division;1999;Central Division
33;17;0.66;—;94.7;90.9;3.86;1999;Indiana Pacers*
31;19;0.62;2;86.3;83.4;2.82;1999;Atlanta Hawks*
29;21;0.58;4;90.4;86.9;3.97;1999;Detroit Pistons*
28;22;0.56;5;91.7;90;1.66;1999;Milwaukee Bucks*
26;24;0.52;7;92.9;93;0.63;1999;Charlotte Hornets
23;27;0.46;10;91.1;92.8;-1.32;1999;Toronto Raptors
22;28;0.44;11;86.4;88.2;-0.94;1999;Cleveland Cavaliers
13;37;0.26;20;81.9;91.4;-8.58;1999;Chicago Bulls
Midwest Division;Midwest Division;Midwest Division;Midwest Division;Midwest Division;Midwest Division;Midwest Division;1999;Midwest Division
37;13;0.74;—;92.8;84.7;7.12;1999;San Antonio Spurs*
37;13;0.74;—;93.3;86.8;5.54;1999;Utah Jazz*
31;19;0.62;6;94.2;91.9;1.39;1999;Houston Rockets*
25;25;0.5;12;92.9;92.6;-0.17;1999;Minnesota Timberwolves*
19;31;0.38;18;91.6;94;-2.5;1999;Dallas Mavericks
14;36;0.28;23;93.5;100.1;-6.67;1999;Denver Nuggets
8;42;0.16;29;88.9;97.5;-8.94;1999;Vancouver Grizzlies
Pacific Division;Pacific Division;Pacific Division;Pacific Division;Pacific Division;Pacific Division;Pacific Division;1999;Pacific Division
35;15;0.7;—;94.8;88.5;5.67;1999;Portland Trail Blazers*
31;19;0.62;4;99;96;2.68;1999;Los Angeles Lakers*
27;23;0.54;8;95.6;93.3;2.15;1999;Phoenix Suns*
27;23;0.54;8;100.2;100.6;-0.89;1999;Sacramento Kings*
25;25;0.5;10;94.9;95.9;-1.43;1999;Seattle SuperSonics
21;29;0.42;14;88.3;90.8;-2.63;1999;Golden State Warriors
9;41;0.18;26;90.4;99.2;-8.94;1999;Los Angeles Clippers
52;30;0.634;—;94.4;91.3;2.75;2000;Miami Heat*
50;32;0.61;2;92.1;90.7;1.3;2000;New York Knicks*
49;33;0.598;3;94.8;93.4;1.02;2000;Philadelphia 76ers*
41;41;0.5;11;100.1;99.4;0.43;2000;Orlando Magic
35;47;0.427;17;99.3;100.1;-1;2000;Boston Celtics
31;51;0.378;21;98;99;-1.18;2000;New Jersey Nets
29;53;0.354;23;96.6;99.9;-3.47;2000;Washington Wizards
Central Division;Central Division;Central Division;Central Division;Central Division;Central Division;Central Division;2000;Central Division
56;26;0.683;—;101.3;96.7;4.15;2000;Indiana Pacers*
49;33;0.598;7;98.4;95.8;2.33;2000;Charlotte Hornets*
45;37;0.549;11;97.2;97.3;-0.46;2000;Toronto Raptors*
42;40;0.512;14;103.5;102;1.13;2000;Detroit Pistons*
42;40;0.512;14;101.2;101;-0.06;2000;Milwaukee Bucks*
32;50;0.39;24;97;100.5;-3.64;2000;Cleveland Cavaliers
28;54;0.341;28;94.3;99.7;-5.41;2000;Atlanta Hawks
17;65;0.207;39;84.8;94.2;-9.23;2000;Chicago Bulls
Midwest Division;Midwest Division;Midwest Division;Midwest Division;Midwest Division;Midwest Division;Midwest Division;2000;Midwest Division
55;27;0.671;—;96.5;92;4.52;2000;Utah Jazz*
53;29;0.646;2;96.2;90.2;5.92;2000;San Antonio Spurs*
50;32;0.61;5;98.5;96;2.67;2000;Minnesota Timberwolves*
40;42;0.488;15;101.4;102;-0.29;2000;Dallas Mavericks
35;47;0.427;20;99;101.1;-1.76;2000;Denver Nuggets
34;48;0.415;21;99.5;100.3;-0.57;2000;Houston Rockets
22;60;0.268;33;93.9;99.5;-5.1;2000;Vancouver Grizzlies
Pacific Division;Pacific Division;Pacific Division;Pacific Division;Pacific Division;Pacific Division;Pacific Division;2000;Pacific Division
67;15;0.817;—;100.8;92.3;8.41;2000;Los Angeles Lakers*
59;23;0.72;8;97.5;91;6.36;2000;Portland Trail Blazers*
53;29;0.646;14;98.9;93.7;5.24;2000;Phoenix Suns*
45;37;0.549;22;99.1;98.1;1.17;2000;Seattle SuperSonics*
44;38;0.537;23;105;102;3.04;2000;Sacramento Kings*
19;63;0.232;48;95.5;103.8;-7.63;2000;Golden State Warriors
15;67;0.183;52;92;103.5;-10.73;2000;Los Angeles Clippers
56;26;0.683;—;94.7;90.4;3.64;2001;Philadelphia 76ers*
50;32;0.61;6;88.9;86.6;1.73;2001;Miami Heat*
48;34;0.585;8;88.7;86.1;1.98;2001;New York Knicks*
43;39;0.524;13;97.5;96.5;0.39;2001;Orlando Magic*
36;46;0.439;20;94.6;96.8;-2.4;2001;Boston Celtics
26;56;0.317;30;92.1;97.1;-5.3;2001;New Jersey Nets
19;63;0.232;37;93.2;99.9;-6.75;2001;Washington Wizards
Central Division;Central Division;Central Division;Central Division;Central Division;Central Division;Central Division;2001;Central Division
52;30;0.634;—;100.7;96.9;3.14;2001;Milwaukee Bucks*
47;35;0.573;5;97.6;95.4;1.69;2001;Toronto Raptors*
46;36;0.561;6;91.9;89.8;1.45;2001;Charlotte Hornets*
41;41;0.5;11;92.6;92.8;-0.77;2001;Indiana Pacers*
32;50;0.39;20;95.6;97.3;-2.08;2001;Detroit Pistons
30;52;0.366;22;92.2;96.5;-4.48;2001;Cleveland Cavaliers
25;57;0.305;27;91;96.2;-5.55;2001;Atlanta Hawks
15;67;0.183;37;87.6;96.7;-9.09;2001;Chicago Bulls
Midwest Division;Midwest Division;Midwest Division;Midwest Division;Midwest Division;Midwest Division;Midwest Division;2001;Midwest Division
58;24;0.707;—;96.2;88.4;7.92;2001;San Antonio Spurs*
53;29;0.646;5;97.1;92.4;5;2001;Utah Jazz*
53;29;0.646;5;100.5;96.2;4.61;2001;Dallas Mavericks*
47;35;0.573;11;97.3;96;1.81;2001;Minnesota Timberwolves*
45;37;0.549;13;97.2;94.9;2.71;2001;Houston Rockets
40;42;0.488;18;96.6;99;-1.83;2001;Denver Nuggets
23;59;0.28;35;91.7;97.5;-4.94;2001;Vancouver Grizzlies
Pacific Division;Pacific Division;Pacific Division;Pacific Division;Pacific Division;Pacific Division;Pacific Division;2001;Pacific Division
56;26;0.683;—;100.6;97.2;3.74;2001;Los Angeles Lakers*
55;27;0.671;1;101.7;95.9;6.07;2001;Sacramento Kings*
51;31;0.622;5;94;91.8;2.63;2001;Phoenix Suns*
50;32;0.61;6;95.4;91.2;4.52;2001;Portland Trail Blazers*
44;38;0.537;12;97.3;97.3;0.55;2001;Seattle SuperSonics
31;51;0.378;25;92.5;95.3;-2.23;2001;Los Angeles Clippers
17;65;0.207;39;92.5;101.5;-8.11;2001;Golden State Warriors
52;30;0.634;—;96.2;92;3.67;2002;New Jersey Nets*
49;33;0.598;3;96.4;94.1;1.75;2002;Boston Celtics*
44;38;0.537;8;100.5;98.9;1.25;2002;Orlando Magic*
43;39;0.524;9;91;89.4;1.27;2002;Philadelphia 76ers*
37;45;0.451;15;92.8;94.2;-1.58;2002;Washington Wizards
36;46;0.439;16;87.2;88.7;-1.84;2002;Miami Heat
30;52;0.366;22;91.6;95.6;-4.15;2002;New York Knicks
Central Division;Central Division;Central Division;Central Division;Central Division;Central Division;Central Division;2002;Central Division
50;32;0.61;—;94.3;92.2;1.69;2002;Detroit Pistons*
44;38;0.537;6;93.9;92.9;0.57;2002;Charlotte Hornets*
42;40;0.512;8;91.4;91.8;-0.71;2002;Toronto Raptors*
42;40;0.512;8;96.8;96.5;-0.07;2002;Indiana Pacers*
41;41;0.5;9;97.5;97.7;-0.62;2002;Milwaukee Bucks
33;49;0.402;17;94;98.3;-4.41;2002;Atlanta Hawks
29;53;0.354;21;95.3;98.6;-3.52;2002;Cleveland Cavaliers
21;61;0.256;29;89.5;98;-8.52;2002;Chicago Bulls
Midwest Division;Midwest Division;Midwest Division;Midwest Division;Midwest Division;Midwest Division;Midwest Division;2002;Midwest Division
58;24;0.707;—;96.7;90.5;6.28;2002;San Antonio Spurs*
57;25;0.695;1;105.2;101;4.41;2002;Dallas Mavericks*
50;32;0.61;8;99.3;96;3.58;2002;Minnesota Timberwolves*
44;38;0.537;14;96;95.1;1.21;2002;Utah Jazz*
28;54;0.341;30;92.3;97.2;-4.31;2002;Houston Rockets
27;55;0.329;31;92.2;98;-5.19;2002;Denver Nuggets
23;59;0.28;35;89.9;97.3;-6.74;2002;Memphis Grizzlies
Pacific Division;Pacific Division;Pacific Division;Pacific Division;Pacific Division;Pacific Division;Pacific Division;2002;Pacific Division
61;21;0.744;—;104.6;97;7.61;2002;Sacramento Kings*
58;24;0.707;3;101.3;94.1;7.15;2002;Los Angeles Lakers*
49;33;0.598;12;96.6;93.7;3.21;2002;Portland Trail Blazers*
45;37;0.549;16;97.7;94.7;3.24;2002;Seattle SuperSonics*
39;43;0.476;22;95.7;96.1;-0.09;2002;Los Angeles Clippers
36;46;0.439;25;95.1;95.8;-0.3;2002;Phoenix Suns
21;61;0.256;40;97.7;103.1;-4.8;2002;Golden State Warriors
49;33;0.598;—;95.4;90.1;4.42;2003;New Jersey Nets*
48;34;0.585;1;96.8;94.5;1.76;2003;Philadelphia 76ers*
44;38;0.537;5;92.7;93.1;-0.75;2003;Boston Celtics*
42;40;0.512;7;98.5;98.4;-0.39;2003;Orlando Magic*
37;45;0.451;12;91.5;92.5;-1.47;2003;Washington Wizards
37;45;0.451;12;95.9;97.2;-1.61;2003;New York Knicks
25;57;0.305;24;85.6;90.6;-5.13;2003;Miami Heat
Central Division;Central Division;Central Division;Central Division;Central Division;Central Division;Central Division;2003;Central Division
50;32;0.61;—;91.4;87.7;2.97;2003;Detroit Pistons*
48;34;0.585;2;96.8;93.3;2.79;2003;Indiana Pacers*
47;35;0.573;3;93.9;91.8;1.52;2003;New Orleans Hornets*
42;40;0.512;8;99.5;99.3;-0.24;2003;Milwaukee Bucks*
35;47;0.427;15;94.1;97.6;-3.87;2003;Atlanta Hawks
30;52;0.366;20;95;100.1;-5.31;2003;Chicago Bulls
24;58;0.293;26;90.9;96.8;-6.1;2003;Toronto Raptors
17;65;0.207;33;91.4;101;-9.59;2003;Cleveland Cavaliers
Midwest Division;Midwest Division;Midwest Division;Midwest Division;Midwest Division;Midwest Division;Midwest Division;2003;Midwest Division
60;22;0.732;—;95.8;90.4;5.65;2003;San Antonio Spurs*
60;22;0.732;—;103;95.2;7.9;2003;Dallas Mavericks*
51;31;0.622;9;98.1;96;2.46;2003;Minnesota Timberwolves*
47;35;0.573;13;94.7;92.3;2.76;2003;Utah Jazz*
43;39;0.524;17;93.8;92.3;1.89;2003;Houston Rockets
28;54;0.341;32;97.5;100.7;-2.6;2003;Memphis Grizzlies
17;65;0.207;43;84.2;92.4;-7.41;2003;Denver Nuggets
Pacific Division;Pacific Division;Pacific Division;Pacific Division;Pacific Division;Pacific Division;Pacific Division;2003;Pacific Division
59;23;0.72;—;101.7;95.2;6.68;2003;Sacramento Kings*
50;32;0.61;9;100.4;98;2.71;2003;Los Angeles Lakers*
50;32;0.61;9;95.2;92.5;2.97;2003;Portland Trail Blazers*
44;38;0.537;15;95.5;94.4;1.57;2003;Phoenix Suns*
40;42;0.488;19;92.1;92.3;0.37;2003;Seattle SuperSonics
38;44;0.463;21;102.4;103.6;-0.6;2003;Golden State Warriors
27;55;0.329;32;93.8;97.9;-3.45;2003;Los Angeles Clippers
47;35;0.573;—;90.3;87.8;1.88;2004;New Jersey Nets*
42;40;0.512;5;90.3;89.7;-0.13;2004;Miami Heat*
39;43;0.476;8;92;93.5;-1.97;2004;New York Knicks*
36;46;0.439;11;95.3;96.7;-1.99;2004;Boston Celtics*
33;49;0.402;14;88;90.5;-2.95;2004;Philadelphia 76ers
25;57;0.305;22;91.8;97.4;-6.12;2004;Washington Wizards
21;61;0.256;26;94;101.1;-7.25;2004;Orlando Magic
Central Division;Central Division;Central Division;Central Division;Central Division;Central Division;Central Division;2004;Central Division
61;21;0.744;—;91.4;85.6;4.93;2004;Indiana Pacers*
54;28;0.659;7;90.1;84.3;5.04;2004;Detroit Pistons*
41;41;0.5;20;91.8;91.9;-0.72;2004;New Orleans Hornets*
41;41;0.5;20;98;97;0.42;2004;Milwaukee Bucks*
35;47;0.427;26;92.9;95.5;-3.07;2004;Cleveland Cavaliers
33;49;0.402;28;85.4;88.5;-3.42;2004;Toronto Raptors
28;54;0.341;33;92.8;97.5;-5;2004;Atlanta Hawks
23;59;0.28;38;89.7;96;-6.69;2004;Chicago Bulls
Midwest Division;Midwest Division;Midwest Division;Midwest Division;Midwest Division;Midwest Division;Midwest Division;2004;Midwest Division
58;24;0.707;—;94.5;89.1;5.86;2004;Minnesota Timberwolves*
57;25;0.695;1;91.5;84.3;7.51;2004;San Antonio Spurs*
52;30;0.634;6;105.2;100.8;4.86;2004;Dallas Mavericks*
50;32;0.61;8;96.7;94.3;2.95;2004;Memphis Grizzlies*
45;37;0.549;13;89.8;88;2.28;2004;Houston Rockets*
43;39;0.524;15;97.2;96.1;1.65;2004;Denver Nuggets*
42;40;0.512;16;88.7;89.9;-0.53;2004;Utah Jazz
Pacific Division;Pacific Division;Pacific Division;Pacific Division;Pacific Division;Pacific Division;Pacific Division;2004;Pacific Division
56;26;0.683;—;98.2;94.3;4.35;2004;Los Angeles Lakers*
55;27;0.671;1;102.8;97.8;5.41;2004;Sacramento Kings*
41;41;0.5;15;90.7;92;-0.58;2004;Portland Trail Blazers
37;45;0.451;19;93.3;94;-0.07;2004;Golden State Warriors
37;45;0.451;19;97.1;97.8;0.02;2004;Seattle SuperSonics
29;53;0.354;27;94.2;97.9;-2.94;2004;Phoenix Suns
28;54;0.341;28;94.8;99.4;-3.74;2004;Los Angeles Clippers
45;37;0.549;—;101.3;100.4;0.35;2005;Boston Celtics*
43;39;0.524;2;99.1;99.9;-1.07;2005;Philadelphia 76ers*
42;40;0.512;3;91.4;92.9;-1.82;2005;New Jersey Nets*
33;49;0.402;12;99.7;101.4;-1.81;2005;Toronto Raptors
33;49;0.402;12;97.3;99.7;-2.72;2005;New York Knicks
Central Division;Central Division;Central Division;Central Division;Central Division;Central Division;Central Division;2005;Central Division
54;28;0.659;—;93.3;89.5;3.31;2005;Detroit Pistons*
47;35;0.573;7;94.5;93.4;0.65;2005;Chicago Bulls*
44;38;0.537;10;93;92.2;0.49;2005;Indiana Pacers*
42;40;0.512;12;96.5;95.7;0.27;2005;Cleveland Cavaliers
30;52;0.366;24;97.2;100.2;-3.09;2005;Milwaukee Bucks
Southeast Division;Southeast Division;Southeast Division;Southeast Division;Southeast Division;Southeast Division;Southeast Division;2005;Southeast Division
59;23;0.72;—;101.5;95;5.77;2005;Miami Heat*
45;37;0.549;14;100.5;100.8;-0.71;2005;Washington Wizards*
36;46;0.439;23;99.5;101.8;-2.52;2005;Orlando Magic
18;64;0.22;41;94.3;100.2;-6.15;2005;Charlotte Bobcats
13;69;0.159;46;92.7;102.5;-9.62;2005;Atlanta Hawks
Northwest Division;Northwest Division;Northwest Division;Northwest Division;Northwest Division;Northwest Division;Northwest Division;2005;Northwest Division
52;30;0.634;—;98.9;96.6;2.59;2005;Seattle SuperSonics*
49;33;0.598;3;99.5;97.5;2.23;2005;Denver Nuggets*
44;38;0.537;8;96.8;95.3;1.73;2005;Minnesota Timberwolves
27;55;0.329;25;92.9;96.9;-3.45;2005;Portland Trail Blazers
26;56;0.317;26;93;97.3;-3.74;2005;Utah Jazz
Pacific Division;Pacific Division;Pacific Division;Pacific Division;Pacific Division;Pacific Division;Pacific Division;2005;Pacific Division
62;20;0.756;—;110.4;103.3;7.08;2005;Phoenix Suns*
50;32;0.61;12;103.7;101.6;2.56;2005;Sacramento Kings*
37;45;0.451;25;95.7;96.5;-0.47;2005;Los Angeles Clippers
34;48;0.415;28;98.7;101.7;-2.32;2005;Los Angeles Lakers
34;48;0.415;28;98.7;100.9;-1.74;2005;Golden State Warriors
Southwest Division;Southwest Division;Southwest Division;Southwest Division;Southwest Division;Southwest Division;Southwest Division;2005;Southwest Division
59;23;0.72;—;96.2;88.4;7.84;2005;San Antonio Spurs*
58;24;0.707;1;102.5;96.8;5.86;2005;Dallas Mavericks*
51;31;0.622;8;95.1;91;4.27;2005;Houston Rockets*
45;37;0.549;14;93.4;91.1;2.64;2005;Memphis Grizzlies*
18;64;0.22;41;88.4;95.5;-6.3;2005;New Orleans Hornets
49;33;0.598;—;93.8;92.4;1.11;2006;New Jersey Nets*
38;44;0.463;11;99.4;101.3;-2.1;2006;Philadelphia 76ers
33;49;0.402;16;98;99.5;-1.59;2006;Boston Celtics
27;55;0.329;22;101.1;104;-3.03;2006;Toronto Raptors
23;59;0.28;26;95.6;102;-6.3;2006;New York Knicks
Central Division;Central Division;Central Division;Central Division;Central Division;Central Division;Central Division;2006;Central Division
64;18;0.78;—;96.8;90.2;6.24;2006;Detroit Pistons*
50;32;0.61;14;97.6;95.4;2.17;2006;Cleveland Cavaliers*
41;41;0.5;23;93.9;92;1.62;2006;Indiana Pacers*
41;41;0.5;23;97.8;97.2;0.51;2006;Chicago Bulls*
40;42;0.488;24;97.8;98.8;-1.07;2006;Milwaukee Bucks*
Southeast Division;Southeast Division;Southeast Division;Southeast Division;Southeast Division;Southeast Division;Southeast Division;2006;Southeast Division
52;30;0.634;—;99.9;96;3.59;2006;Miami Heat*
42;40;0.512;10;101.7;99.8;1.57;2006;Washington Wizards*
36;46;0.439;16;94.9;96;-1.26;2006;Orlando Magic
26;56;0.317;26;96.9;100.9;-3.9;2006;Charlotte Bobcats
26;56;0.317;26;97.2;102;-4.69;2006;Atlanta Hawks
Northwest Division;Northwest Division;Northwest Division;Northwest Division;Northwest Division;Northwest Division;Northwest Division;2006;Northwest Division
44;38;0.537;—;100.3;100.1;0.36;2006;Denver Nuggets*
41;41;0.5;3;92.4;95;-2.49;2006;Utah Jazz
35;47;0.427;9;102.6;105.6;-2.88;2006;Seattle SuperSonics
33;49;0.402;11;91.7;93.6;-1.75;2006;Minnesota Timberwolves
21;61;0.256;23;88.8;98.3;-8.91;2006;Portland Trail Blazers
Pacific Division;Pacific Division;Pacific Division;Pacific Division;Pacific Division;Pacific Division;Pacific Division;2006;Pacific Division
54;28;0.659;—;108.4;102.8;5.48;2006;Phoenix Suns*
47;35;0.573;7;97.2;95.6;1.75;2006;Los Angeles Clippers*
45;37;0.549;9;99.4;96.9;2.53;2006;Los Angeles Lakers*
44;38;0.537;10;98.9;97.3;1.61;2006;Sacramento Kings*
34;48;0.415;20;98.5;99.8;-1.11;2006;Golden State Warriors
Southwest Division;Southwest Division;Southwest Division;Southwest Division;Southwest Division;Southwest Division;Southwest Division;2006;Southwest Division
63;19;0.768;—;95.6;88.8;6.69;2006;San Antonio Spurs*
60;22;0.732;3;99.1;93.1;5.96;2006;Dallas Mavericks*
49;33;0.598;14;92.2;88.5;3.74;2006;Memphis Grizzlies*
38;44;0.463;25;92.8;95.6;-2.51;2006;New Orleans/Oklahoma City Hornets
34;48;0.415;29;90.1;91.7;-1.3;2006;Houston Rockets
47;35;0.573;—;99.5;98.5;0.61;2007;Toronto Raptors*
41;41;0.5;6;97.6;98.3;-1;2007;New Jersey Nets*
35;47;0.427;12;94.9;98;-3.26;2007;Philadelphia 76ers
33;49;0.402;14;97.5;100.3;-3.06;2007;New York Knicks
24;58;0.293;23;95.8;99.2;-3.7;2007;Boston Celtics
Central Division;Central Division;Central Division;Central Division;Central Division;Central Division;Central Division;2007;Central Division
53;29;0.646;—;96;91.8;3.69;2007;Detroit Pistons*
50;32;0.61;3;96.8;92.9;3.33;2007;Cleveland Cavaliers*
49;33;0.598;4;98.8;93.8;4.52;2007;Chicago Bulls*
35;47;0.427;18;95.6;98;-2.62;2007;Indiana Pacers
28;54;0.341;25;99.7;104;-4.43;2007;Milwaukee Bucks
Southeast Division;Southeast Division;Southeast Division;Southeast Division;Southeast Division;Southeast Division;Southeast Division;2007;Southeast Division
44;38;0.537;—;94.6;95.5;-1.21;2007;Miami Heat*
41;41;0.5;3;104.3;104.9;-0.8;2007;Washington Wizards*
40;42;0.488;4;94.8;94;0.35;2007;Orlando Magic*
33;49;0.402;11;96.9;100.6;-3.97;2007;Charlotte Bobcats
30;52;0.366;14;93.7;98.4;-4.86;2007;Atlanta Hawks
Northwest Division;Northwest Division;Northwest Division;Northwest Division;Northwest Division;Northwest Division;Northwest Division;2007;Northwest Division
51;31;0.622;—;101.5;98.6;3.06;2007;Utah Jazz*
45;37;0.549;6;105.4;103.7;1.69;2007;Denver Nuggets*
32;50;0.39;19;94.1;98.4;-3.78;2007;Portland Trail Blazers
32;50;0.39;19;96.1;99.7;-3.16;2007;Minnesota Timberwolves
31;51;0.378;20;99.1;102;-2.45;2007;Seattle SuperSonics
Pacific Division;Pacific Division;Pacific Division;Pacific Division;Pacific Division;Pacific Division;Pacific Division;2007;Pacific Division
61;21;0.744;—;110.2;102.9;7.28;2007;Phoenix Suns*
42;40;0.512;19;103.3;103.4;0.24;2007;Los Angeles Lakers*
42;40;0.512;19;106.5;106.9;0;2007;Golden State Warriors*
40;42;0.488;21;95.6;96.1;-0.07;2007;Los Angeles Clippers
33;49;0.402;28;101.3;103.1;-1.35;2007;Sacramento Kings
Southwest Division;Southwest Division;Southwest Division;Southwest Division;Southwest Division;Southwest Division;Southwest Division;2007;Southwest Division
67;15;0.817;—;100;92.8;7.28;2007;Dallas Mavericks*
58;24;0.707;9;98.5;90.1;8.35;2007;San Antonio Spurs*
52;30;0.634;15;97;92.1;5.04;2007;Houston Rockets*
39;43;0.476;28;95.5;97.1;-1.19;2007;New Orleans/Oklahoma City Hornets
22;60;0.268;45;101.6;106.7;-4.44;2007;Memphis Grizzlies
66;16;0.805;—;100.5;90.3;9.3;2008;Boston Celtics*
41;41;0.5;25;100.2;97.3;2.47;2008;Toronto Raptors*
40;42;0.488;26;96.6;96.2;0.19;2008;Philadelphia 76ers*
34;48;0.415;32;95.8;100.9;-5.15;2008;New Jersey Nets
23;59;0.28;43;96.9;103.5;-6.55;2008;New York Knicks
Central Division;Central Division;Central Division;Central Division;Central Division;Central Division;Central Division;2008;Central Division
59;23;0.72;—;97.5;90.1;6.67;2008;Detroit Pistons*
45;37;0.549;14;96.4;96.7;-0.53;2008;Cleveland Cavaliers*
36;46;0.439;23;104;105.4;-1.87;2008;Indiana Pacers
33;49;0.402;26;97.3;100.4;-3.19;2008;Chicago Bulls
26;56;0.317;33;97;103.9;-6.92;2008;Milwaukee Bucks
Southeast Division;Southeast Division;Southeast Division;Southeast Division;Southeast Division;Southeast Division;Southeast Division;2008;Southeast Division
52;30;0.634;—;104.5;99;4.79;2008;Orlando Magic*
43;39;0.524;9;98.8;99.2;-0.61;2008;Washington Wizards*
37;45;0.451;15;98.2;100;-2.23;2008;Atlanta Hawks*
32;50;0.39;20;97.1;101.4;-4.49;2008;Charlotte Bobcats
15;67;0.183;37;91.4;100;-8.53;2008;Miami Heat
Northwest Division;Northwest Division;Northwest Division;Northwest Division;Northwest Division;Northwest Division;Northwest Division;2008;Northwest Division
54;28;0.659;—;106.2;99.3;6.86;2008;Utah Jazz*
50;32;0.61;4;110.7;107;3.74;2008;Denver Nuggets*
41;41;0.5;13;95.4;96.3;-0.52;2008;Portland Trail Blazers
22;60;0.268;32;95.6;102.4;-6.26;2008;Minnesota Timberwolves
20;62;0.244;34;97.5;106.3;-8.04;2008;Seattle SuperSonics
Pacific Division;Pacific Division;Pacific Division;Pacific Division;Pacific Division;Pacific Division;Pacific Division;2008;Pacific Division
57;25;0.695;—;108.6;101.3;7.34;2008;Los Angeles Lakers*
55;27;0.671;2;110.1;105;5.14;2008;Phoenix Suns*
48;34;0.585;9;111;108.8;2.38;2008;Golden State Warriors
38;44;0.463;19;102.5;104.8;-1.86;2008;Sacramento Kings
23;59;0.28;34;93.8;101.1;-6.56;2008;Los Angeles Clippers
Southwest Division;Southwest Division;Southwest Division;Southwest Division;Southwest Division;Southwest Division;Southwest Division;2008;Southwest Division
56;26;0.683;—;100.9;95.6;5.46;2008;New Orleans Hornets*
56;26;0.683;—;95.4;90.6;5.1;2008;San Antonio Spurs*
55;27;0.671;1;96.7;92;4.83;2008;Houston Rockets*
51;31;0.622;5;100.4;95.9;4.7;2008;Dallas Mavericks*
22;60;0.268;34;100.7;106.9;-5.76;2008;Memphis Grizzlies
62;20;0.756;—;100.9;93.4;7.44;2009;Boston Celtics*
41;41;0.5;21;97.4;97.3;0.16;2009;Philadelphia 76ers*
34;48;0.415;28;98.1;100.5;-2.31;2009;New Jersey Nets
33;49;0.402;29;99;101.9;-2.54;2009;Toronto Raptors
32;50;0.39;30;105.2;107.8;-2.33;2009;New York Knicks
Central Division;Central Division;Central Division;Central Division;Central Division;Central Division;Central Division;2009;Central Division
66;16;0.805;—;100.3;91.4;8.68;2009;Cleveland Cavaliers*
41;41;0.5;25;102.2;102.5;-0.16;2009;Chicago Bulls*
39;43;0.476;27;94.2;94.7;-0.36;2009;Detroit Pistons*
36;46;0.439;30;105.1;106.2;-0.76;2009;Indiana Pacers
34;48;0.415;32;99.3;100.4;-0.88;2009;Milwaukee Bucks
Southeast Division;Southeast Division;Southeast Division;Southeast Division;Southeast Division;Southeast Division;Southeast Division;2009;Southeast Division
59;23;0.72;—;101;94.4;6.48;2009;Orlando Magic*
47;35;0.573;12;98.1;96.5;1.7;2009;Atlanta Hawks*
43;39;0.524;16;98.3;98;0.49;2009;Miami Heat*
35;47;0.427;24;93.6;94.9;-1.2;2009;Charlotte Bobcats
19;63;0.232;40;96.1;103.5;-6.98;2009;Washington Wizards
Northwest Division;Northwest Division;Northwest Division;Northwest Division;Northwest Division;Northwest Division;Northwest Division;2009;Northwest Division
54;28;0.659;—;104.3;100.9;3.13;2009;Denver Nuggets*
54;28;0.659;—;99.4;94.1;5;2009;Portland Trail Blazers*
48;34;0.585;6;103.6;100.9;2.31;2009;Utah Jazz*
24;58;0.293;30;97.8;102.7;-4.74;2009;Minnesota Timberwolves
23;59;0.28;31;97;103.1;-6.04;2009;Oklahoma City Thunder
Pacific Division;Pacific Division;Pacific Division;Pacific Division;Pacific Division;Pacific Division;Pacific Division;2009;Pacific Division
65;17;0.793;—;106.9;99.3;7.11;2009;Los Angeles Lakers*
46;36;0.561;19;109.4;107.5;1.62;2009;Phoenix Suns
29;53;0.354;36;108.6;112.3;-3.8;2009;Golden State Warriors
19;63;0.232;46;95.1;103.9;-8.47;2009;Los Angeles Clippers
17;65;0.207;48;100.6;109.3;-8.6;2009;Sacramento Kings
Southwest Division;Southwest Division;Southwest Division;Southwest Division;Southwest Division;Southwest Division;Southwest Division;2009;Southwest Division
54;28;0.659;—;97;93.3;3.36;2009;San Antonio Spurs*
53;29;0.646;1;98.4;94.4;3.73;2009;Houston Rockets*
50;32;0.61;4;101.7;99.8;1.68;2009;Dallas Mavericks*
49;33;0.598;5;95.8;94.3;1.41;2009;New Orleans Hornets*
24;58;0.293;30;93.9;99.3;-5.23;2009;Memphis Grizzlies
50;32;0.61;—;99.2;95.6;3.37;2010;Boston Celtics*
40;42;0.488;10;104.1;105.9;-1.83;2010;Toronto Raptors
29;53;0.354;21;102.1;105.9;-4.01;2010;New York Knicks
27;55;0.329;23;97.7;101.6;-3.93;2010;Philadelphia 76ers
12;70;0.146;38;92.4;101.5;-8.93;2010;New Jersey Nets
Central Division;Central Division;Central Division;Central Division;Central Division;Central Division;Central Division;2010;Central Division
61;21;0.744;—;102.1;95.6;6.17;2010;Cleveland Cavaliers*
46;36;0.561;15;97.7;96;1.37;2010;Milwaukee Bucks*
41;41;0.5;20;97.5;99.1;-1.64;2010;Chicago Bulls*
32;50;0.39;29;100.8;103.8;-3.11;2010;Indiana Pacers
27;55;0.329;34;94;99.1;-5.02;2010;Detroit Pistons
Southeast Division;Southeast Division;Southeast Division;Southeast Division;Southeast Division;Southeast Division;Southeast Division;2010;Southeast Division
59;23;0.72;—;102.8;95.3;7.12;2010;Orlando Magic*
53;29;0.646;6;101.7;97;4.44;2010;Atlanta Hawks*
47;35;0.573;12;96.5;94.2;1.99;2010;Miami Heat*
44;38;0.537;15;95.3;93.8;1.3;2010;Charlotte Bobcats*
26;56;0.317;33;96.2;101;-4.72;2010;Washington Wizards
Northwest Division;Northwest Division;Northwest Division;Northwest Division;Northwest Division;Northwest Division;Northwest Division;2010;Northwest Division
53;29;0.646;—;106.5;102.4;4.15;2010;Denver Nuggets*
53;29;0.646;—;104.2;98.9;5.33;2010;Utah Jazz*
50;32;0.61;3;98.1;94.8;3.18;2010;Portland Trail Blazers*
50;32;0.61;3;101.5;98;3.55;2010;Oklahoma City Thunder*
15;67;0.183;38;98.2;107.8;-9.06;2010;Minnesota Timberwolves
Pacific Division;Pacific Division;Pacific Division;Pacific Division;Pacific Division;Pacific Division;Pacific Division;2010;Pacific Division
57;25;0.695;—;101.7;97;4.78;2010;Los Angeles Lakers*
54;28;0.659;3;110.2;105.3;4.67;2010;Phoenix Suns*
29;53;0.354;28;95.7;102.1;-6.01;2010;Los Angeles Clippers
26;56;0.317;31;108.8;112.4;-3.28;2010;Golden State Warriors
25;57;0.305;32;100;104.4;-4.06;2010;Sacramento Kings
Southwest Division;Southwest Division;Southwest Division;Southwest Division;Southwest Division;Southwest Division;Southwest Division;2010;Southwest Division
55;27;0.671;—;102;99.3;2.66;2010;Dallas Mavericks*
50;32;0.61;5;101.4;96.3;5.07;2010;San Antonio Spurs*
42;40;0.512;13;102.4;102.7;-0.02;2010;Houston Rockets
40;42;0.488;15;102.5;104;-1.39;2010;Memphis Grizzlies
37;45;0.451;18;100.2;102.7;-2.27;2010;New Orleans Hornets
56;26;0.683;—;96.5;91.1;4.83;2011;Boston Celtics*
42;40;0.512;14;106.5;105.7;0.48;2011;New York Knicks*
41;41;0.5;15;99;97.5;1.01;2011;Philadelphia 76ers*
24;58;0.293;32;94.2;100.4;-6.28;2011;New Jersey Nets
22;60;0.268;34;99.1;105.4;-6.28;2011;Toronto Raptors
Central Division;Central Division;Central Division;Central Division;Central Division;Central Division;Central Division;2011;Central Division
62;20;0.756;—;98.6;91.3;6.53;2011;Chicago Bulls*
37;45;0.451;25;99.8;100.9;-1.38;2011;Indiana Pacers*
35;47;0.427;27;91.9;92.7;-1.02;2011;Milwaukee Bucks
30;52;0.366;32;97;100.6;-3.78;2011;Detroit Pistons
19;63;0.232;43;95.5;104.5;-8.88;2011;Cleveland Cavaliers
Southeast Division;Southeast Division;Southeast Division;Southeast Division;Southeast Division;Southeast Division;Southeast Division;2011;Southeast Division
58;24;0.707;—;102.1;94.6;6.76;2011;Miami Heat*
52;30;0.634;6;99.2;93.7;4.92;2011;Orlando Magic*
44;38;0.537;14;95;95.8;-1.1;2011;Atlanta Hawks*
34;48;0.415;24;93.3;97.3;-4.08;2011;Charlotte Bobcats
23;59;0.28;35;97.3;104.7;-7.3;2011;Washington Wizards
Northwest Division;Northwest Division;Northwest Division;Northwest Division;Northwest Division;Northwest Division;Northwest Division;2011;Northwest Division
55;27;0.671;—;104.8;101;3.81;2011;Oklahoma City Thunder*
50;32;0.61;5;107.5;102.7;4.81;2011;Denver Nuggets*
48;34;0.585;7;96.3;94.8;1.85;2011;Portland Trail Blazers*
39;43;0.476;16;99.4;101.3;-1.44;2011;Utah Jazz
17;65;0.207;38;101.1;107.7;-5.97;2011;Minnesota Timberwolves
Pacific Division;Pacific Division;Pacific Division;Pacific Division;Pacific Division;Pacific Division;Pacific Division;2011;Pacific Division
57;25;0.695;—;101.5;95.4;6.01;2011;Los Angeles Lakers*
40;42;0.488;17;105;105.9;-0.46;2011;Phoenix Suns
36;46;0.439;21;103.4;105.7;-2;2011;Golden State Warriors
32;50;0.39;25;98.6;101.8;-2.71;2011;Los Angeles Clippers
24;58;0.293;33;99.4;104.7;-4.8;2011;Sacramento Kings
Southwest Division;Southwest Division;Southwest Division;Southwest Division;Southwest Division;Southwest Division;Southwest Division;2011;Southwest Division
61;21;0.744;—;103.7;98;5.86;2011;San Antonio Spurs*
57;25;0.695;4;100.2;96;4.41;2011;Dallas Mavericks*
46;36;0.561;15;94.9;94;1.28;2011;New Orleans Hornets*
46;36;0.561;15;99.9;97.6;2.55;2011;Memphis Grizzlies*
43;39;0.524;18;105.9;103.7;2.37;2011;Houston Rockets
39;27;0.591;—;91.8;89.3;2.26;2012;Boston Celtics*
36;30;0.545;3;97.8;94.7;2.39;2012;New York Knicks*
35;31;0.53;4;93.6;89.4;3.59;2012;Philadelphia 76ers*
23;43;0.348;16;90.7;94;-3.67;2012;Toronto Raptors
22;44;0.333;17;93.1;99.1;-6.37;2012;New Jersey Nets
Central Division;Central Division;Central Division;Central Division;Central Division;Central Division;Central Division;2012;Central Division
50;16;0.758;—;96.3;88.2;7.43;2012;Chicago Bulls*
42;24;0.636;8;97.7;94.4;2.6;2012;Indiana Pacers*
31;35;0.47;19;99;98.7;-0.23;2012;Milwaukee Bucks
25;41;0.379;25;90.9;95.7;-5.19;2012;Detroit Pistons
21;45;0.318;29;93;100.2;-7.34;2012;Cleveland Cavaliers
Southeast Division;Southeast Division;Southeast Division;Southeast Division;Southeast Division;Southeast Division;Southeast Division;2012;Southeast Division
46;20;0.697;—;98.5;92.5;5.72;2012;Miami Heat*
40;26;0.606;6;96.6;93.2;2.67;2012;Atlanta Hawks*
37;29;0.561;9;94.2;93.4;0.46;2012;Orlando Magic*
20;46;0.303;26;93.6;98.4;-5.14;2012;Washington Wizards
7;59;0.106;39;87;100.9;-13.96;2012;Charlotte Bobcats
Northwest Division;Northwest Division;Northwest Division;Northwest Division;Northwest Division;Northwest Division;Northwest Division;2012;Northwest Division
47;19;0.712;—;103.1;96.9;6.44;2012;Oklahoma City Thunder*
38;28;0.576;9;104.1;101.2;3.16;2012;Denver Nuggets*
36;30;0.545;11;99.7;99;0.92;2012;Utah Jazz*
28;38;0.424;19;97.2;97.8;-0.22;2012;Portland Trail Blazers
26;40;0.394;21;97.9;100.1;-1.83;2012;Minnesota Timberwolves
Pacific Division;Pacific Division;Pacific Division;Pacific Division;Pacific Division;Pacific Division;Pacific Division;2012;Pacific Division
41;25;0.621;—;97.3;95.9;1.96;2012;Los Angeles Lakers*
40;26;0.606;1;97.5;95;2.82;2012;Los Angeles Clippers*
33;33;0.5;8;98.4;98.6;0.29;2012;Phoenix Suns
23;43;0.348;18;97.8;101.2;-2.79;2012;Golden State Warriors
22;44;0.333;19;98.8;104.4;-4.95;2012;Sacramento Kings
Southwest Division;Southwest Division;Southwest Division;Southwest Division;Southwest Division;Southwest Division;Southwest Division;2012;Southwest Division
50;16;0.758;—;103.7;96.5;7.28;2012;San Antonio Spurs*
41;25;0.621;9;95;93;2.43;2012;Memphis Grizzlies*
36;30;0.545;14;95.8;94.8;1.78;2012;Dallas Mavericks*
34;32;0.515;16;98.1;97.9;0.57;2012;Houston Rockets
21;45;0.318;29;89.6;93.4;-3.11;2012;New Orleans Hornets
54;28;0.659;—;100;95.7;3.73;2013;New York Knicks*
49;33;0.598;5;96.9;95.1;1.25;2013;Brooklyn Nets*
41;40;0.506;12.5;96.5;96.7;-0.62;2013;Boston Celtics*
34;48;0.415;20;93.2;96.5;-3.51;2013;Philadelphia 76ers
34;48;0.415;20;97.2;98.7;-1.96;2013;Toronto Raptors
Central Division;Central Division;Central Division;Central Division;Central Division;Central Division;Central Division;2013;Central Division
49;32;0.605;—;94.7;90.7;3.34;2013;Indiana Pacers*
45;37;0.549;4.5;93.2;92.9;-0.02;2013;Chicago Bulls*
38;44;0.463;11.5;98.9;100.4;-1.83;2013;Milwaukee Bucks*
29;53;0.354;20.5;94.9;98.8;-4.33;2013;Detroit Pistons
24;58;0.293;25.5;96.5;101.2;-4.87;2013;Cleveland Cavaliers
Southeast Division;Southeast Division;Southeast Division;Southeast Division;Southeast Division;Southeast Division;Southeast Division;2013;Southeast Division
66;16;0.805;—;102.9;95;7.03;2013;Miami Heat*
44;38;0.537;22;98;97.5;-0.08;2013;Atlanta Hawks*
29;53;0.354;37;93.2;95.8;-2.78;2013;Washington Wizards
21;61;0.256;45;93.4;102.7;-9.29;2013;Charlotte Bobcats
20;62;0.244;46;94.1;101.1;-7.12;2013;Orlando Magic
Northwest Division;Northwest Division;Northwest Division;Northwest Division;Northwest Division;Northwest Division;Northwest Division;2013;Northwest Division
60;22;0.732;—;105.7;96.5;9.15;2013;Oklahoma City Thunder*
57;25;0.695;3;106.1;101.1;5.37;2013;Denver Nuggets*
43;39;0.524;17;98;98.1;0.3;2013;Utah Jazz
33;49;0.402;27;97.5;100.7;-2.53;2013;Portland Trail Blazers
31;51;0.378;29;95.7;98.1;-1.83;2013;Minnesota Timberwolves
Pacific Division;Pacific Division;Pacific Division;Pacific Division;Pacific Division;Pacific Division;Pacific Division;2013;Pacific Division
56;26;0.683;—;101.1;94.6;6.43;2013;Los Angeles Clippers*
47;35;0.573;9;101.2;100.3;1.32;2013;Golden State Warriors*
45;37;0.549;11;102.2;101;1.48;2013;Los Angeles Lakers*
28;54;0.341;28;100.2;105.1;-4.26;2013;Sacramento Kings
25;57;0.305;31;95.2;101.6;-5.75;2013;Phoenix Suns
Southwest Division;Southwest Division;Southwest Division;Southwest Division;Southwest Division;Southwest Division;Southwest Division;2013;Southwest Division
58;24;0.707;—;103;96.6;6.67;2013;San Antonio Spurs*
56;26;0.683;2;93.4;89.3;4.32;2013;Memphis Grizzlies*
45;37;0.549;13;106;102.5;3.69;2013;Houston Rockets*
41;41;0.5;17;101.1;101.7;-0.24;2013;Dallas Mavericks
27;55;0.329;31;94.1;97.9;-3.12;2013;New Orleans Hornets
48;34;0.585;—;101.3;98;2.55;2014;Toronto Raptors*
44;38;0.537;4;98.5;99.5;-1.58;2014;Brooklyn Nets*
37;45;0.451;11;98.6;99.4;-1.4;2014;New York Knicks
25;57;0.305;23;96.2;100.7;-4.97;2014;Boston Celtics
19;63;0.232;29;99.5;109.9;-10.66;2014;Philadelphia 76ers
Central Division;Central Division;Central Division;Central Division;Central Division;Central Division;Central Division;2014;Central Division
56;26;0.683;—;96.7;92.3;3.63;2014;Indiana Pacers*
48;34;0.585;8;93.7;91.8;1.2;2014;Chicago Bulls*
33;49;0.402;23;98.2;101.5;-3.86;2014;Cleveland Cavaliers
29;53;0.354;27;101;104.7;-4.13;2014;Detroit Pistons
15;67;0.183;41;95.5;103.7;-8.41;2014;Milwaukee Bucks
Southeast Division;Southeast Division;Southeast Division;Southeast Division;Southeast Division;Southeast Division;Southeast Division;2014;Southeast Division
54;28;0.659;—;102.2;97.4;4.15;2014;Miami Heat*
44;38;0.537;10;100.7;99.4;0.48;2014;Washington Wizards*
43;39;0.524;11;96.9;97.1;-0.89;2014;Charlotte Bobcats*
38;44;0.463;16;101;101.5;-0.88;2014;Atlanta Hawks*
23;59;0.28;31;96.5;102;-5.88;2014;Orlando Magic
Northwest Division;Northwest Division;Northwest Division;Northwest Division;Northwest Division;Northwest Division;Northwest Division;2014;Northwest Division
59;23;0.72;—;106.2;99.8;6.66;2014;Oklahoma City Thunder*
54;28;0.659;5;106.7;102.8;4.44;2014;Portland Trail Blazers*
40;42;0.488;19;106.9;104.3;3.1;2014;Minnesota Timberwolves
36;46;0.439;23;104.4;106.5;-1.4;2014;Denver Nuggets
25;57;0.305;34;95;102.2;-6.27;2014;Utah Jazz
Pacific Division;Pacific Division;Pacific Division;Pacific Division;Pacific Division;Pacific Division;Pacific Division;2014;Pacific Division
57;25;0.695;—;107.9;101;7.27;2014;Los Angeles Clippers*
51;31;0.622;6;104.3;99.5;5.15;2014;Golden State Warriors*
48;34;0.585;9;105.2;102.6;3.02;2014;Phoenix Suns
28;54;0.341;29;100.5;103.4;-2.08;2014;Sacramento Kings
27;55;0.329;30;103;109.2;-5.33;2014;Los Angeles Lakers
Southwest Division;Southwest Division;Southwest Division;Southwest Division;Southwest Division;Southwest Division;Southwest Division;2014;Southwest Division
62;20;0.756;—;105.4;97.6;8;2014;San Antonio Spurs*
54;28;0.659;8;107.7;103.1;5.06;2014;Houston Rockets*
50;32;0.61;12;96.1;94.6;2.18;2014;Memphis Grizzlies*
49;33;0.598;13;104.8;102.4;2.91;2014;Dallas Mavericks*
34;48;0.415;28;99.7;102.4;-1.98;2014;New Orleans Pelicans
49;33;0.598;—;104;100.9;2.45;2015;Toronto Raptors*
40;42;0.488;9;101.4;101.2;-0.4;2015;Boston Celtics*
38;44;0.463;11;98;100.9;-3.13;2015;Brooklyn Nets*
18;64;0.22;31;92;101;-9.04;2015;Philadelphia 76ers
17;65;0.207;32;91.9;101.2;-9.5;2015;New York Knicks
Central Division;Central Division;Central Division;Central Division;Central Division;Central Division;Central Division;2015;Central Division
53;29;0.646;—;103.1;98.7;4.08;2015;Cleveland Cavaliers*
50;32;0.61;3;100.8;97.8;2.54;2015;Chicago Bulls*
41;41;0.5;12;97.8;97.4;-0.09;2015;Milwaukee Bucks*
38;44;0.463;15;97.3;97;-0.23;2015;Indiana Pacers
32;50;0.39;21;98.5;99.5;-1.39;2015;Detroit Pistons
Southeast Division;Southeast Division;Southeast Division;Southeast Division;Southeast Division;Southeast Division;Southeast Division;2015;Southeast Division
60;22;0.732;—;102.5;97.1;4.75;2015;Atlanta Hawks*
46;36;0.561;14;98.5;97.8;0.17;2015;Washington Wizards*
37;45;0.451;23;94.7;97.3;-2.92;2015;Miami Heat
33;49;0.402;27;94.2;97.3;-3.44;2015;Charlotte Hornets
25;57;0.305;35;95.7;101.4;-5.87;2015;Orlando Magic
Northwest Division;Northwest Division;Northwest Division;Northwest Division;Northwest Division;Northwest Division;Northwest Division;2015;Northwest Division
51;31;0.622;—;102.8;98.6;4.41;2015;Portland Trail Blazers*
45;37;0.549;6;104;101.8;2.47;2015;Oklahoma City Thunder
38;44;0.463;13;95.1;94.9;0.71;2015;Utah Jazz
30;52;0.366;21;101.5;105;-3.07;2015;Denver Nuggets
16;66;0.195;35;97.8;106.5;-8;2015;Minnesota Timberwolves
Pacific Division;Pacific Division;Pacific Division;Pacific Division;Pacific Division;Pacific Division;Pacific Division;2015;Pacific Division
67;15;0.817;—;110;99.9;10.01;2015;Golden State Warriors*
56;26;0.683;11;106.7;100.1;6.8;2015;Los Angeles Clippers*
39;43;0.476;28;102.4;103.3;-0.38;2015;Phoenix Suns
29;53;0.354;38;101.3;105;-3.07;2015;Sacramento Kings
21;61;0.256;46;98.5;105.3;-6.17;2015;Los Angeles Lakers
Southwest Division;Southwest Division;Southwest Division;Southwest Division;Southwest Division;Southwest Division;Southwest Division;2015;Southwest Division
56;26;0.683;—;103.9;100.5;3.82;2015;Houston Rockets*
55;27;0.671;1;98.3;95.1;3.62;2015;Memphis Grizzlies*
55;27;0.671;1;103.2;97;6.34;2015;San Antonio Spurs*
50;32;0.61;6;105.2;102.3;3.36;2015;Dallas Mavericks*
45;37;0.549;11;99.4;98.6;1.13;2015;New Orleans Pelicans*
56;26;0.683;—;102.7;98.2;4.08;2016;Toronto Raptors*
48;34;0.585;8;105.7;102.5;2.84;2016;Boston Celtics*
32;50;0.39;24;98.4;101.1;-2.74;2016;New York Knicks
21;61;0.256;35;98.6;106;-7.12;2016;Brooklyn Nets
10;72;0.122;46;97.4;107.6;-9.92;2016;Philadelphia 76ers
Central Division;Central Division;Central Division;Central Division;Central Division;Central Division;Central Division;2016;Central Division
57;25;0.695;—;104.3;98.3;5.45;2016;Cleveland Cavaliers*
45;37;0.549;12;102.2;100.5;1.62;2016;Indiana Pacers*
44;38;0.537;13;102;101.4;0.43;2016;Detroit Pistons*
42;40;0.512;15;101.6;103.1;-1.46;2016;Chicago Bulls
33;49;0.402;24;99;103.2;-3.98;2016;Milwaukee Bucks
Southeast Division;Southeast Division;Southeast Division;Southeast Division;Southeast Division;Southeast Division;Southeast Division;2016;Southeast Division
48;34;0.585;—;100;98.4;1.5;2016;Miami Heat*
48;34;0.585;—;102.8;99.2;3.49;2016;Atlanta Hawks*
48;34;0.585;—;103.4;100.7;2.36;2016;Charlotte Hornets*
41;41;0.5;7;104.1;104.6;-0.5;2016;Washington Wizards
35;47;0.427;13;102.1;103.7;-1.68;2016;Orlando Magic
Northwest Division;Northwest Division;Northwest Division;Northwest Division;Northwest Division;Northwest Division;Northwest Division;2016;Northwest Division
55;27;0.671;—;110.2;102.9;7.09;2016;Oklahoma City Thunder*
44;38;0.537;11;105.1;104.3;0.98;2016;Portland Trail Blazers*
40;42;0.488;15;97.7;95.9;1.84;2016;Utah Jazz
33;49;0.402;22;101.9;105;-2.81;2016;Denver Nuggets
29;53;0.354;26;102.4;106;-3.38;2016;Minnesota Timberwolves
Pacific Division;Pacific Division;Pacific Division;Pacific Division;Pacific Division;Pacific Division;Pacific Division;2016;Pacific Division
73;9;0.89;—;114.9;104.1;10.38;2016;Golden State Warriors*
53;29;0.646;20;104.5;100.2;4.13;2016;Los Angeles Clippers*
33;49;0.402;40;106.6;109.1;-2.32;2016;Sacramento Kings
23;59;0.28;50;100.9;107.5;-6.32;2016;Phoenix Suns
17;65;0.207;56;97.3;106.9;-8.92;2016;Los Angeles Lakers
Southwest Division;Southwest Division;Southwest Division;Southwest Division;Southwest Division;Southwest Division;Southwest Division;2016;Southwest Division
67;15;0.817;—;103.5;92.9;10.28;2016;San Antonio Spurs*
42;40;0.512;25;102.3;102.6;-0.02;2016;Dallas Mavericks*
42;40;0.512;25;99.1;101.3;-2.14;2016;Memphis Grizzlies*
41;41;0.5;26;106.5;106.4;0.34;2016;Houston Rockets*
30;52;0.366;37;102.7;106.5;-3.56;2016;New Orleans Pelicans
53;29;0.646;—;108;105.4;2.25;2017;Boston Celtics*
51;31;0.622;2;106.9;102.6;3.65;2017;Toronto Raptors*
31;51;0.378;22;104.3;108;-3.87;2017;New York Knicks
28;54;0.341;25;102.4;108.1;-5.83;2017;Philadelphia 76ers
20;62;0.244;33;105.8;112.5;-6.74;2017;Brooklyn Nets
Central Division;Central Division;Central Division;Central Division;Central Division;Central Division;Central Division;2017;Central Division
51;31;0.622;—;110.3;107.2;2.87;2017;Cleveland Cavaliers*
42;40;0.512;9;103.6;103.8;-0.45;2017;Milwaukee Bucks*
42;40;0.512;9;105.1;105.3;-0.64;2017;Indiana Pacers*
41;41;0.5;10;102.9;102.4;0.03;2017;Chicago Bulls*
37;45;0.451;14;101.3;102.5;-1.29;2017;Detroit Pistons
Southeast Division;Southeast Division;Southeast Division;Southeast Division;Southeast Division;Southeast Division;Southeast Division;2017;Southeast Division
49;33;0.598;—;109.2;107.4;1.36;2017;Washington Wizards*
43;39;0.524;6;103.2;104;-1.23;2017;Atlanta Hawks*
41;41;0.5;8;103.2;102.1;0.77;2017;Miami Heat
36;46;0.439;13;104.9;104.7;-0.07;2017;Charlotte Hornets
29;53;0.354;20;101.1;107.6;-6.61;2017;Orlando Magic
Northwest Division;Northwest Division;Northwest Division;Northwest Division;Northwest Division;Northwest Division;Northwest Division;2017;Northwest Division
51;31;0.622;—;100.7;96.8;4;2017;Utah Jazz*
47;35;0.573;4;106.6;105.8;1.14;2017;Oklahoma City Thunder*
41;41;0.5;10;107.9;108.5;-0.23;2017;Portland Trail Blazers*
40;42;0.488;11;111.7;111.2;0.7;2017;Denver Nuggets
31;51;0.378;20;105.6;106.7;-0.64;2017;Minnesota Timberwolves
Pacific Division;Pacific Division;Pacific Division;Pacific Division;Pacific Division;Pacific Division;Pacific Division;2017;Pacific Division
67;15;0.817;—;115.9;104.3;11.35;2017;Golden State Warriors*
51;31;0.622;16;108.7;104.4;4.42;2017;Los Angeles Clippers*
32;50;0.39;35;102.8;106.7;-3.29;2017;Sacramento Kings
26;56;0.317;41;104.6;111.5;-6.29;2017;Los Angeles Lakers
24;58;0.293;43;107.7;113.3;-5.14;2017;Phoenix Suns
Southwest Division;Southwest Division;Southwest Division;Southwest Division;Southwest Division;Southwest Division;Southwest Division;2017;Southwest Division
61;21;0.744;—;105.3;98.1;7.13;2017;San Antonio Spurs*
55;27;0.671;6;115.3;109.6;5.84;2017;Houston Rockets*
43;39;0.524;18;100.5;100;0.96;2017;Memphis Grizzlies*
34;48;0.415;27;104.3;106.4;-1.69;2017;New Orleans Pelicans
33;49;0.402;28;97.9;100.8;-2.53;2017;Dallas Mavericks
59;23;0.72;—;111.7;103.9;7.29;2018;Toronto Raptors*
55;27;0.671;4;104;100.4;3.23;2018;Boston Celtics*
52;30;0.634;7;109.8;105.3;4.3;2018;Philadelphia 76ers*
29;53;0.354;30;104.5;108;-3.53;2018;New York Knicks
28;54;0.341;31;106.6;110.3;-3.67;2018;Brooklyn Nets
Central Division;Central Division;Central Division;Central Division;Central Division;Central Division;Central Division;2018;Central Division
50;32;0.61;—;110.9;109.9;0.59;2018;Cleveland Cavaliers*
48;34;0.585;2;105.6;104.2;1.18;2018;Indiana Pacers*
44;38;0.537;6;106.5;106.8;-0.45;2018;Milwaukee Bucks*
39;43;0.476;11;103.8;103.9;-0.26;2018;Detroit Pistons
27;55;0.329;23;102.9;110;-6.84;2018;Chicago Bulls
Southeast Division;Southeast Division;Southeast Division;Southeast Division;Southeast Division;Southeast Division;Southeast Division;2018;Southeast Division
44;38;0.537;—;103.4;102.9;0.15;2018;Miami Heat*
43;39;0.524;1;106.6;106;0.53;2018;Washington Wizards*
36;46;0.439;8;108.2;108;0.07;2018;Charlotte Hornets
25;57;0.305;19;103.4;108.2;-4.92;2018;Orlando Magic
24;58;0.293;20;103.4;108.8;-5.3;2018;Atlanta Hawks
Northwest Division;Northwest Division;Northwest Division;Northwest Division;Northwest Division;Northwest Division;Northwest Division;2018;Northwest Division
49;33;0.598;—;105.6;103;2.6;2018;Portland Trail Blazers*
48;34;0.585;1;107.9;104.4;3.42;2018;Oklahoma City Thunder*
48;34;0.585;1;104.1;99.8;4.47;2018;Utah Jazz*
47;35;0.573;2;109.5;107.3;2.35;2018;Minnesota Timberwolves*
46;36;0.561;3;110;108.5;1.57;2018;Denver Nuggets
Pacific Division;Pacific Division;Pacific Division;Pacific Division;Pacific Division;Pacific Division;Pacific Division;2018;Pacific Division
58;24;0.707;—;113.5;107.5;5.79;2018;Golden State Warriors*
42;40;0.512;16;109;109;0.15;2018;Los Angeles Clippers
35;47;0.427;23;108.1;109.6;-1.44;2018;Los Angeles Lakers
27;55;0.329;31;98.8;105.8;-6.6;2018;Sacramento Kings
21;61;0.256;37;103.9;113.3;-8.8;2018;Phoenix Suns
Southwest Division;Southwest Division;Southwest Division;Southwest Division;Southwest Division;Southwest Division;Southwest Division;2018;Southwest Division
65;17;0.793;—;112.4;103.9;8.21;2018;Houston Rockets*
48;34;0.585;17;111.7;110.4;1.48;2018;New Orleans Pelicans*
47;35;0.573;18;102.7;99.8;2.89;2018;San Antonio Spurs*
24;58;0.293;41;102.3;105.4;-2.7;2018;Dallas Mavericks
22;60;0.268;43;99.3;105.5;-5.81;2018;Memphis Grizzlies
58;24;0.707;—;114.4;108.4;5.49;2019;Toronto Raptors*
51;31;0.622;7;115.2;112.5;2.25;2019;Philadelphia 76ers*
49;33;0.598;9;112.4;108;3.9;2019;Boston Celtics*
42;40;0.512;16;112.2;112.3;-0.4;2019;Brooklyn Nets*
17;65;0.207;41;104.6;113.8;-8.93;2019;New York Knicks
Central Division;Central Division;Central Division;Central Division;Central Division;Central Division;Central Division;2019;Central Division
60;22;0.732;—;118.1;109.3;8.04;2019;Milwaukee Bucks*
48;34;0.585;12;108;104.7;2.76;2019;Indiana Pacers*
41;41;0.5;19;107;107.3;-0.56;2019;Detroit Pistons*
22;60;0.268;38;104.9;113.4;-8.32;2019;Chicago Bulls
19;63;0.232;41;104.5;114.1;-9.39;2019;Cleveland Cavaliers
Southeast Division;Southeast Division;Southeast Division;Southeast Division;Southeast Division;Southeast Division;Southeast Division;2019;Southeast Division
42;40;0.512;—;107.3;106.6;0.28;2019;Orlando Magic*
39;43;0.476;3;110.7;111.8;-1.32;2019;Charlotte Hornets
39;43;0.476;3;105.7;105.9;-0.45;2019;Miami Heat
32;50;0.39;10;114;116.9;-3.3;2019;Washington Wizards
29;53;0.354;13;113.3;119.4;-6.06;2019;Atlanta Hawks
Northwest Division;Northwest Division;Northwest Division;Northwest Division;Northwest Division;Northwest Division;Northwest Division;2019;Northwest Division
54;28;0.659;—;110.7;106.7;4.19;2019;Denver Nuggets*
53;29;0.646;1;114.7;110.5;4.43;2019;Portland Trail Blazers*
50;32;0.61;4;111.7;106.5;5.28;2019;Utah Jazz*
49;33;0.598;5;114.5;111.1;3.56;2019;Oklahoma City Thunder*
36;46;0.439;18;112.5;114;-1.02;2019;Minnesota Timberwolves
Pacific Division;Pacific Division;Pacific Division;Pacific Division;Pacific Division;Pacific Division;Pacific Division;2019;Pacific Division
57;25;0.695;—;117.7;111.2;6.42;2019;Golden State Warriors*
48;34;0.585;9;115.1;114.3;1.09;2019;Los Angeles Clippers*
39;43;0.476;18;114.2;115.3;-0.81;2019;Sacramento Kings
37;45;0.451;20;111.8;113.5;-1.33;2019;Los Angeles Lakers
19;63;0.232;38;107.5;116.8;-8.61;2019;Phoenix Suns
Southwest Division;Southwest Division;Southwest Division;Southwest Division;Southwest Division;Southwest Division;Southwest Division;2019;Southwest Division
53;29;0.646;—;113.9;109.1;4.96;2019;Houston Rockets*
48;34;0.585;5;111.7;110;1.8;2019;San Antonio Spurs*
33;49;0.402;20;103.5;106.1;-2.08;2019;Memphis Grizzlies
33;49;0.402;20;115.4;116.8;-1.1;2019;New Orleans Pelicans
33;49;0.402;20;108.9;110.1;-0.87;2019;Dallas Mavericks
53;19;0.736;—;112.8;106.5;5.97;2020;Toronto Raptors*
48;24;0.667;5;113.7;107.3;5.83;2020;Boston Celtics*
43;30;0.589;10.5;110.7;108.4;2.25;2020;Philadelphia 76ers*
35;37;0.486;18;111.8;112.3;-1.01;2020;Brooklyn Nets*
21;45;0.318;29;105.8;112.3;-6.72;2020;New York Knicks
Central Division;Central Division;Central Division;Central Division;Central Division;Central Division;Central Division;2020;Central Division
56;17;0.767;—;118.7;108.6;9.41;2020;Milwaukee Bucks*
45;28;0.616;11;109.4;107.5;1.63;2020;Indiana Pacers*
22;43;0.338;30;106.8;109.9;-4;2020;Chicago Bulls
20;46;0.303;32.5;107.2;110.8;-4.38;2020;Detroit Pistons
19;46;0.292;33;106.9;114.8;-7.77;2020;Cleveland Cavaliers
Southeast Division;Southeast Division;Southeast Division;Southeast Division;Southeast Division;Southeast Division;Southeast Division;2020;Southeast Division
44;29;0.603;—;112;109.1;2.59;2020;Miami Heat*
33;40;0.452;11;107.3;108.3;-0.93;2020;Orlando Magic*
23;42;0.354;17;102.9;109.6;-7.03;2020;Charlotte Hornets
25;47;0.347;18.5;114.4;119.1;-5.24;2020;Washington Wizards
20;47;0.299;21;111.8;119.7;-7.71;2020;Atlanta Hawks
Northwest Division;Northwest Division;Northwest Division;Northwest Division;Northwest Division;Northwest Division;Northwest Division;2020;Northwest Division
46;27;0.63;—;111.3;109.2;2.35;2020;Denver Nuggets*
44;28;0.611;1.5;110.4;108.4;2.33;2020;Oklahoma City Thunder*
44;28;0.611;1.5;111.3;108.8;2.52;2020;Utah Jazz*
35;39;0.473;11.5;115;116.1;-0.61;2020;Portland Trail Blazers*
19;45;0.297;22.5;113.3;117.5;-4.02;2020;Minnesota Timberwolves
Pacific Division;Pacific Division;Pacific Division;Pacific Division;Pacific Division;Pacific Division;Pacific Division;2020;Pacific Division
52;19;0.732;—;113.4;107.6;6.28;2020;Los Angeles Lakers*
49;23;0.681;3.5;116.3;109.9;6.66;2020;Los Angeles Clippers*
34;39;0.466;19;113.6;113.4;0.56;2020;Phoenix Suns
31;41;0.431;21.5;110.1;112.1;-1.59;2020;Sacramento Kings
15;50;0.231;34;106.3;115;-8.12;2020;Golden State Warriors
Southwest Division;Southwest Division;Southwest Division;Southwest Division;Southwest Division;Southwest Division;Southwest Division;2020;Southwest Division
44;28;0.611;—;117.8;114.8;3.13;2020;Houston Rockets*
43;32;0.573;2.5;117;112.1;4.87;2020;Dallas Mavericks*
34;39;0.466;10.5;112.6;113.7;-0.91;2020;Memphis Grizzlies
32;39;0.451;11.5;114.1;115.2;-0.65;2020;San Antonio Spurs
30;42;0.417;14;115.8;117.1;-0.55;2020;New Orleans Pelicans
49;23;0.681;—;113.6;108.1;5.28;2021;Philadelphia 76ers*
48;24;0.667;1;118.6;114.1;4.24;2021;Brooklyn Nets*
41;31;0.569;8;107;104.7;2.13;2021;New York Knicks*
36;36;0.5;13;112.6;111.2;1.32;2021;Boston Celtics*
27;45;0.375;22;111.3;111.7;-0.54;2021;Toronto Raptors
Central Division;Central Division;Central Division;Central Division;Central Division;Central Division;Central Division;2021;Central Division
46;26;0.639;—;120.1;114.2;5.57;2021;Milwaukee Bucks*
34;38;0.472;12;115.3;115.3;-0.13;2021;Indiana Pacers
31;41;0.431;15;110.7;111.6;-0.94;2021;Chicago Bulls
22;50;0.306;24;103.8;112.3;-8.19;2021;Cleveland Cavaliers
20;52;0.278;26;106.6;111.1;-4.38;2021;Detroit Pistons
Southeast Division;Southeast Division;Southeast Division;Southeast Division;Southeast Division;Southeast Division;Southeast Division;2021;Southeast Division
41;31;0.569;—;113.7;111.4;2.14;2021;Atlanta Hawks*
40;32;0.556;1;108.1;108;-0.06;2021;Miami Heat*
34;38;0.472;7;116.6;118.5;-1.85;2021;Washington Wizards*
33;39;0.458;8;109.5;111.4;-1.94;2021;Charlotte Hornets
21;51;0.292;20;104;113.3;-9.02;2021;Orlando Magic
Northwest Division;Northwest Division;Northwest Division;Northwest Division;Northwest Division;Northwest Division;Northwest Division;2021;Northwest Division
52;20;0.722;—;116.4;107.2;8.97;2021;Utah Jazz*
47;25;0.653;5;115.1;110.1;4.82;2021;Denver Nuggets*
42;30;0.583;10;116.1;114.3;1.81;2021;Portland Trail Blazers*
23;49;0.319;29;112.1;117.7;-5.25;2021;Minnesota Timberwolves
22;50;0.306;30;105;115.6;-10.13;2021;Oklahoma City Thunder
Pacific Division;Pacific Division;Pacific Division;Pacific Division;Pacific Division;Pacific Division;Pacific Division;2021;Pacific Division
51;21;0.708;—;115.3;109.5;5.67;2021;Phoenix Suns*
47;25;0.653;4;114;107.8;6.02;2021;Los Angeles Clippers*
42;30;0.583;9;109.5;106.8;2.77;2021;Los Angeles Lakers*
39;33;0.542;12;113.7;112.7;1.1;2021;Golden State Warriors
31;41;0.431;20;113.7;117.4;-3.45;2021;Sacramento Kings
Southwest Division;Southwest Division;Southwest Division;Southwest Division;Southwest Division;Southwest Division;Southwest Division;2021;Southwest Division
42;30;0.583;—;112.4;110.2;2.26;2021;Dallas Mavericks*
38;34;0.528;4;113.3;112.3;1.07;2021;Memphis Grizzlies*
33;39;0.458;9;111.1;112.8;-1.58;2021;San Antonio Spurs
31;41;0.431;11;114.6;114.9;-0.2;2021;New Orleans Pelicans
17;55;0.236;25;108.8;116.7;-7.5;2021;Houston Rockets
